,REGION,ILITOTAL,TOTAL PATIENTS,Season,A_H1,A_H3,BVic,BYam,A_2009_H1N1,Total_Tested,B,H3N2v,ILI_Percent,A_H1_Percent,A_H3_Percent,BVic_Percent,BYam_Percent,A_2009_H1N1_Percent,B_Percent,H3N2v_Percent
49,Alabama,17028.0,402872.0,11.0,0.0,,,,9.0,2624.0,4.0,0.0,0.04226652634087254,0.0,,,,0.003429878048780488,0.001524390243902439,0.0
50,Alaska,987.0,107490.0,11.0,0.0,,,,113.0,3473.0,224.0,0.0,0.009182249511582473,0.0,,,,0.03253671177656205,0.0644975525482292,0.0
51,Arizona,9574.0,964366.0,11.0,0.0,,,,453.0,4222.0,162.0,0.0,0.009927766014148156,0.0,,,,0.10729512079583135,0.03837044054950261,0.0
52,Arkansas,2946.0,170554.0,11.0,0.0,,,,16.0,1178.0,13.0,0.0,0.017273121709253374,0.0,,,,0.013582342954159592,0.011035653650254669,0.0
53,California,36771.0,1482308.0,11.0,0.0,,,,311.0,10674.0,130.0,0.0,0.02480658540600199,0.0,,,,0.02913621884954094,0.012179126850290425,0.0
54,Colorado,7403.0,1049059.0,11.0,0.0,,,,29.0,10306.0,15.0,0.0,0.007056800427811973,0.0,,,,0.0028138948185522997,0.001455462837182224,0.0
55,Connecticut,480.0,144279.0,11.0,0.0,,,,64.0,5760.0,23.0,0.0,0.0033268874888237373,0.0,,,,0.011111111111111112,0.003993055555555555,0.0
56,Delaware,299.0,110072.0,11.0,0.0,,,,20.0,4043.0,45.0,0.0,0.002716403808416309,0.0,,,,0.004946821667078902,0.011130348750927528,0.0
57,Georgia,24583.0,1632793.0,11.0,0.0,,,,49.0,15112.0,204.0,0.0,0.015055797029997067,0.0,,,,0.003242456326098465,0.013499205929062997,0.0
58,Hawaii,7320.0,512724.0,11.0,0.0,,,,47.0,8698.0,461.0,0.0,0.014276686872469399,0.0,,,,0.005403541043918142,0.053000689813750286,0.0
59,Idaho,3467.0,196096.0,11.0,0.0,,,,14.0,75.0,2.0,0.0,0.0176801158616188,0.0,,,,0.18666666666666668,0.02666666666666667,0.0
60,Illinois,40394.0,2035227.0,11.0,0.0,,,,46.0,2030.0,91.0,0.0,0.019847417511658406,0.0,,,,0.022660098522167486,0.04482758620689655,0.0
61,Indiana,4478.0,442949.0,11.0,0.0,,,,27.0,2395.0,18.0,0.0,0.010109515993940612,0.0,,,,0.01127348643006263,0.007515657620041753,0.0
62,Iowa,1207.0,182713.0,11.0,0.0,,,,120.0,2531.0,33.0,0.0,0.006605988626972355,0.0,,,,0.047412090082971155,0.013038324772817068,0.0
63,Kansas,3945.0,368112.0,11.0,0.0,,,,23.0,164.0,1.0,0.0,0.01071684704655105,0.0,,,,0.1402439024390244,0.006097560975609756,0.0
64,Kentucky,2326.0,867312.0,11.0,0.0,,,,23.0,1454.0,10.0,0.0,0.0026818492076669063,0.0,,,,0.01581843191196699,0.0068775790921595595,0.0
65,Louisiana,13859.0,659113.0,11.0,0.0,,,,12.0,5400.0,22.0,0.0,0.021026743517424173,0.0,,,,0.0022222222222222222,0.004074074074074074,0.0
66,Maine,1207.0,269689.0,11.0,0.0,,,,13.0,776.0,21.0,0.0,0.004475525512720208,0.0,,,,0.01675257731958763,0.027061855670103094,0.0
67,Maryland,6632.0,339648.0,11.0,0.0,,,,56.0,2326.0,164.0,0.0,0.019526097606934238,0.0,,,,0.02407566638005159,0.0705073086844368,0.0
68,Massachusetts,12232.0,1329790.0,11.0,0.0,,,,7.0,684.0,29.0,0.0,0.009198444867234676,0.0,,,,0.01023391812865497,0.04239766081871345,0.0
69,Michigan,4666.0,668931.0,11.0,0.0,,,,33.0,1317.0,75.0,0.0,0.006975308365137809,0.0,,,,0.025056947608200455,0.05694760820045558,0.0
70,Minnesota,2683.0,199617.0,11.0,0.0,,,,69.0,6380.0,104.0,0.0,0.013440739015214136,0.0,,,,0.010815047021943573,0.016300940438871474,0.0
71,Mississippi,21459.0,704144.0,11.0,0.0,,,,8.0,842.0,8.0,0.0,0.030475300506714535,0.0,,,,0.009501187648456057,0.009501187648456057,0.0
72,Missouri,4741.0,320747.0,11.0,0.0,,,,8.0,10717.0,14.0,0.0,0.014781120322247753,0.0,,,,0.000746477559018382,0.0013063357282821686,0.0
73,Montana,204.0,102397.0,11.0,0.0,,,,39.0,706.0,10.0,0.0,0.0019922458665781223,0.0,,,,0.05524079320113314,0.014164305949008499,0.0
74,Nebraska,2649.0,126929.0,11.0,0.0,,,,11.0,1081.0,11.0,0.0,0.020869935160601597,0.0,,,,0.010175763182238668,0.010175763182238668,0.0
75,Nevada,5443.0,580166.0,11.0,0.0,,,,106.0,1134.0,54.0,0.0,0.009381797623438808,0.0,,,,0.09347442680776014,0.047619047619047616,0.0
76,New Hampshire,370.0,213937.0,11.0,0.0,,,,7.0,449.0,40.0,0.0,0.00172948110892459,0.0,,,,0.015590200445434299,0.08908685968819599,0.0
77,New Jersey,1659.0,229932.0,11.0,0.0,,,,0.0,0.0,0.0,0.0,0.007215176660925839,,,,,,,
78,New Mexico,7419.0,348804.0,11.0,0.0,,,,68.0,844.0,13.0,0.0,0.021269824887329272,0.0,,,,0.08056872037914692,0.015402843601895734,0.0
79,New York,2783.0,531230.0,11.0,0.0,,,,144.0,11016.0,151.0,0.0,0.0052387854601585,0.0,,,,0.013071895424836602,0.013707334785766159,0.0
80,North Carolina,6604.0,725750.0,11.0,0.0,,,,48.0,630.0,3.0,0.0,0.009099552187392352,0.0,,,,0.0761904761904762,0.004761904761904762,0.0
81,North Dakota,909.0,146818.0,11.0,0.0,,,,12.0,159.0,6.0,0.0,0.006191338936642646,0.0,,,,0.07547169811320754,0.03773584905660377,0.0
82,Ohio,3612.0,646180.0,11.0,0.0,,,,5.0,3264.0,17.0,0.0,0.005589773747253088,0.0,,,,0.0015318627450980392,0.005208333333333333,0.0
83,Oklahoma,2903.0,137403.0,11.0,0.0,,,,192.0,2323.0,4.0,0.0,0.02112763185665524,0.0,,,,0.08265174343521309,0.0017219113215669393,0.0
84,Oregon,1551.0,150904.0,11.0,0.0,,,,71.0,940.0,26.0,0.0,0.01027805757302656,0.0,,,,0.07553191489361702,0.027659574468085105,0.0
85,Pennsylvania,7844.0,765597.0,11.0,0.0,,,,69.0,7425.0,178.0,0.0,0.01024559918599472,0.0,,,,0.009292929292929294,0.023973063973063972,0.0
86,Rhode Island,604.0,278612.0,11.0,0.0,,,,0.0,0.0,0.0,0.0,0.002167889394570227,,,,,,,
87,South Carolina,1065.0,306427.0,11.0,0.0,,,,38.0,3170.0,21.0,0.0,0.0034755422988183154,0.0,,,,0.011987381703470032,0.006624605678233439,0.0
88,South Dakota,2478.0,243504.0,11.0,0.0,,,,14.0,3157.0,16.0,0.0,0.010176424206583875,0.0,,,,0.004434589800443459,0.005068102629078239,0.0
89,Tennessee,3808.0,537922.0,11.0,0.0,,,,11.0,846.0,3.0,0.0,0.007079093251437941,0.0,,,,0.013002364066193853,0.0035460992907801418,0.0
90,Texas,38557.0,1893707.0,11.0,0.0,,,,330.0,23388.0,230.0,0.0,0.02036059432636622,0.0,,,,0.014109799897383273,0.009834102958782282,0.0
91,Utah,15375.0,760686.0,11.0,0.0,,,,1013.0,13706.0,87.0,0.0,0.020212019151134634,0.0,,,,0.07390923683058515,0.006347584999270393,0.0
92,Vermont,2378.0,128594.0,11.0,0.0,,,,3.0,53.0,1.0,0.0,0.01849230912795309,0.0,,,,0.05660377358490566,0.018867924528301886,0.0
93,Virginia,42371.0,3403962.0,11.0,0.0,,,,12.0,2408.0,19.0,0.0,0.012447553762351049,0.0,,,,0.0049833887043189366,0.007890365448504983,0.0
94,Washington,2370.0,275817.0,11.0,0.0,,,,199.0,12023.0,731.0,0.0,0.00859265382481863,0.0,,,,0.016551609415287365,0.060800133078266656,0.0
95,West Virginia,3456.0,562757.0,11.0,0.0,,,,10.0,6805.0,4.0,0.0,0.006141194156625328,0.0,,,,0.0014695077149155032,0.0005878030859662013,0.0
96,Wisconsin,1129.0,159870.0,11.0,0.0,,,,56.0,4430.0,161.0,0.0,0.007061987865140427,0.0,,,,0.012641083521444696,0.0363431151241535,0.0
97,Wyoming,1565.0,213724.0,11.0,0.0,,,,22.0,613.0,5.0,0.0,0.007322528120379555,0.0,,,,0.03588907014681892,0.008156606851549755,0.0
98,Alabama,20581.0,549110.0,12.0,0.0,,,,7.0,3442.0,76.0,0.0,0.037480650507184354,0.0,,,,0.0020337013364323067,0.022080185938407902,0.0
99,Alaska,1010.0,97146.0,12.0,0.0,,,,10.0,3879.0,245.0,0.0,0.010396722458979268,0.0,,,,0.002577984016499098,0.0631606084042279,0.0
100,Arizona,13521.0,848674.0,12.0,0.0,,,,68.0,5458.0,468.0,0.0,0.01593191260719664,0.0,,,,0.01245877610846464,0.08574569439355074,0.0
101,Arkansas,2429.0,124875.0,12.0,0.0,,,,12.0,2149.0,148.0,0.0,0.01945145145145145,0.0,,,,0.005583992554676594,0.068869241507678,0.0
102,California,42860.0,1545173.0,12.0,0.0,,,,91.0,16782.0,561.0,0.0,0.027737994386389096,0.0,,,,0.005422476462876892,0.033428673578834465,0.0
103,Colorado,11472.0,1093683.0,12.0,0.0,,,,121.0,15837.0,899.0,0.0,0.010489328260565447,0.0,,,,0.007640335922207489,0.05676580160383911,0.0
104,Connecticut,1943.0,156820.0,12.0,0.0,,,,34.0,10458.0,308.0,0.0,0.012390001275347532,0.0,,,,0.003251099636641805,0.029451137884872823,0.0
105,Delaware,1397.0,97309.0,12.0,0.0,,,,38.0,4108.0,492.0,0.0,0.014356328808229455,0.0,,,,0.009250243427458617,0.11976630963972736,0.0
106,Georgia,25439.0,1459100.0,12.0,0.0,,,,49.0,33724.0,2114.0,0.0,0.01743472003289699,0.0,,,,0.0014529711777962282,0.06268532795635157,0.0
107,Hawaii,7907.0,417913.0,12.0,0.0,,,,85.0,16891.0,1371.0,1.0,0.018920205880171233,0.0,,,,0.005032265703629152,0.08116748564324196,5.920312592504884e-05
108,Idaho,3027.0,193637.0,12.0,0.0,,,,4.0,669.0,172.0,0.0,0.015632342992300024,0.0,,,,0.005979073243647235,0.2571001494768311,0.0
109,Illinois,48058.0,2053115.0,12.0,0.0,,,,6.0,3377.0,89.0,3.0,0.023407359061718414,0.0,,,,0.0017767249037607344,0.02635475273911756,0.0008883624518803672
110,Indiana,7486.0,434330.0,12.0,0.0,,,,40.0,3839.0,164.0,109.0,0.017235742407846567,0.0,,,,0.01041938004688721,0.04271945819223756,0.028392810627767648
111,Iowa,1268.0,108605.0,12.0,0.0,,,,17.0,4456.0,386.0,1.0,0.011675337231250863,0.0,,,,0.00381508078994614,0.08662477558348294,0.0002244165170556553
112,Kansas,5718.0,305815.0,12.0,0.0,,,,0.0,115.0,21.0,0.0,0.01869757860144205,0.0,,,,0.0,0.1826086956521739,0.0
113,Kentucky,4476.0,892964.0,12.0,0.0,,,,9.0,1888.0,85.0,0.0,0.005012520101594241,0.0,,,,0.004766949152542373,0.045021186440677964,0.0
114,Louisiana,45248.0,1391307.0,12.0,0.0,,,,7.0,7710.0,373.0,0.0,0.03252193800505568,0.0,,,,0.0009079118028534371,0.04837872892347601,0.0
115,Maine,3042.0,290408.0,12.0,0.0,,,,19.0,1060.0,18.0,0.0,0.010474918046334812,0.0,,,,0.017924528301886792,0.016981132075471698,0.0
116,Maryland,6838.0,306714.0,12.0,0.0,,,,69.0,6206.0,593.0,12.0,0.022294384997098272,0.0,,,,0.011118272639381244,0.09555269094424751,0.0019336126329358686
117,Massachusetts,16446.0,1317834.0,12.0,0.0,,,,18.0,1489.0,99.0,0.0,0.01247956874689832,0.0,,,,0.01208865010073875,0.06648757555406314,0.0
118,Michigan,12153.0,671555.0,12.0,0.0,,,,23.0,994.0,125.0,6.0,0.01809680517604664,0.0,,,,0.023138832997987926,0.12575452716297786,0.006036217303822937
119,Minnesota,2930.0,221388.0,12.0,0.0,,,,53.0,10092.0,681.0,3.0,0.013234682999981932,0.0,,,,0.005251684502576298,0.06747919143876338,0.00029726516052318666
120,Mississippi,32458.0,718230.0,12.0,0.0,,,,7.0,1850.0,84.0,0.0,0.045191651699316375,0.0,,,,0.0037837837837837837,0.04540540540540541,0.0
121,Missouri,6728.0,313603.0,12.0,0.0,,,,20.0,12789.0,373.0,0.0,0.02145387639786609,0.0,,,,0.001563843928375948,0.029165689264211432,0.0
122,Montana,434.0,113688.0,12.0,0.0,,,,4.0,3366.0,218.0,0.0,0.003817465343747801,0.0,,,,0.0011883541295306002,0.0647653000594177,0.0
123,Nebraska,5425.0,129445.0,12.0,0.0,,,,11.0,2564.0,257.0,0.0,0.04190969137471513,0.0,,,,0.004290171606864275,0.10023400936037441,0.0
124,Nevada,7215.0,531811.0,12.0,0.0,,,,18.0,1634.0,277.0,0.0,0.013566849877117999,0.0,,,,0.011015911872705019,0.16952264381884946,0.0
125,New Hampshire,963.0,186985.0,12.0,0.0,,,,5.0,573.0,13.0,0.0,0.005150145733614996,0.0,,,,0.008726003490401396,0.02268760907504363,0.0
126,New Jersey,5544.0,228406.0,12.0,0.0,,,,0.0,0.0,0.0,0.0,0.024272567270562068,,,,,,,
127,New Mexico,8937.0,376887.0,12.0,0.0,,,,19.0,1066.0,128.0,0.0,0.023712677805283813,0.0,,,,0.017823639774859287,0.1200750469043152,0.0
128,New York,10570.0,597473.0,12.0,0.0,,,,153.0,37529.0,1738.0,0.0,0.01769117600293235,0.0,,,,0.0040768472381358415,0.04631085294039276,0.0
129,North Carolina,12737.0,698604.0,12.0,0.0,,,,12.0,876.0,92.0,0.0,0.018232074250934722,0.0,,,,0.0136986301369863,0.1050228310502283,0.0
130,North Dakota,1861.0,64437.0,12.0,0.0,,,,12.0,4705.0,315.0,0.0,0.028880922451386626,0.0,,,,0.0025504782146652497,0.0669500531349628,0.0
131,Ohio,7624.0,588569.0,12.0,0.0,,,,7.0,3998.0,303.0,107.0,0.012953451506960102,0.0,,,,0.0017508754377188595,0.07578789394697348,0.026763381690845422
132,Oklahoma,5095.0,176074.0,12.0,0.0,,,,8.0,5461.0,265.0,0.0,0.028936697070549883,0.0,,,,0.0014649331624244644,0.04852591100531038,0.0
133,Oregon,1544.0,135087.0,12.0,0.0,,,,21.0,1471.0,94.0,0.0,0.011429671248898857,0.0,,,,0.014276002719238613,0.06390210740992522,0.0
134,Pennsylvania,12931.0,730694.0,12.0,0.0,,,,120.0,10208.0,720.0,12.0,0.017696874478235758,0.0,,,,0.011755485893416929,0.07053291536050156,0.0011755485893416929
135,Rhode Island,1858.0,284106.0,12.0,0.0,,,,0.0,0.0,0.0,0.0,0.006539812605154414,,,,,,,
136,South Carolina,2915.0,307750.0,12.0,0.0,,,,32.0,7413.0,291.0,0.0,0.009471974004874087,0.0,,,,0.004316740860650209,0.03925536220153784,0.0
137,South Dakota,2417.0,182479.0,12.0,0.0,,,,9.0,4921.0,250.0,0.0,0.01324535974002488,0.0,,,,0.001828896565738671,0.05080268238162975,0.0
138,Tennessee,8173.0,515751.0,12.0,0.0,,,,17.0,1862.0,150.0,0.0,0.015846794286390138,0.0,,,,0.009129967776584319,0.08055853920515575,0.0
139,Texas,63467.0,1903966.0,12.0,0.0,,,,51.0,40748.0,3278.0,0.0,0.03333410365521233,0.0,,,,0.0012515951703151076,0.08044566604495926,0.0
140,Utah,21538.0,901997.0,12.0,0.0,,,,74.0,23989.0,1670.0,0.0,0.023878128197765625,0.0,,,,0.003084747175788903,0.06961524031847931,0.0
141,Vermont,3234.0,125554.0,12.0,0.0,,,,0.0,119.0,8.0,0.0,0.025757841247590677,0.0,,,,0.0,0.06722689075630252,0.0
142,Virginia,81328.0,3556795.0,12.0,0.0,,,,10.0,4970.0,328.0,0.0,0.022865529219423666,0.0,,,,0.002012072434607646,0.06599597585513078,0.0
143,Washington,2863.0,300381.0,12.0,0.0,,,,42.0,15075.0,216.0,0.0,0.009531228672918727,0.0,,,,0.0027860696517412937,0.014328358208955224,0.0
144,West Virginia,7624.0,628994.0,12.0,0.0,,,,28.0,13584.0,668.0,3.0,0.012120942330133515,0.0,,,,0.002061248527679623,0.04917550058892815,0.00022084805653710247
145,Wisconsin,1793.0,185599.0,12.0,0.0,,,,20.0,4015.0,367.0,17.0,0.009660612395540924,0.0,,,,0.0049813200498132005,0.09140722291407223,0.004234122042341221
146,Wyoming,2945.0,199532.0,12.0,0.0,,,,11.0,1129.0,127.0,0.0,0.014759537317322534,0.0,,,,0.00974313551815766,0.112488928255093,0.0
147,Alabama,13407.0,513811.0,13.0,0.0,,,,108.0,2843.0,17.0,0.0,0.02609325218806137,0.0,,,,0.03798804080196975,0.005979599015124868,0.0
148,Alaska,948.0,93075.0,13.0,0.0,,,,532.0,3392.0,82.0,0.0,0.010185334407735697,0.0,,,,0.15683962264150944,0.024174528301886794,0.0
149,Arizona,16153.0,1102430.0,13.0,0.0,,,,1336.0,4868.0,414.0,0.0,0.014652177462514626,0.0,,,,0.2744453574363188,0.08504519309778143,0.0
150,Arkansas,3471.0,137582.0,13.0,0.0,,,,161.0,2334.0,7.0,0.0,0.02522859094939745,0.0,,,,0.0689802913453299,0.0029991431019708655,0.0
151,California,40989.0,1697381.0,13.0,0.0,,,,1120.0,21205.0,307.0,0.0,0.024148379179453523,0.0,,,,0.05281773166705966,0.01447771751945296,0.0
152,Colorado,8988.0,951461.0,13.0,0.0,,,,2343.0,16891.0,83.0,0.0,0.009446524870698851,0.0,,,,0.13871292404238944,0.004913859451779054,0.0
153,Connecticut,2402.0,131446.0,13.0,0.0,,,,689.0,11411.0,284.0,0.0,0.018273663709812395,0.0,,,,0.06038033476470073,0.02488826570852686,0.0
154,Delaware,1090.0,89554.0,13.0,0.0,,,,653.0,4914.0,196.0,0.0,0.012171427295263193,0.0,,,,0.13288563288563288,0.039886039886039885,0.0
155,Georgia,16351.0,1431141.0,13.0,0.0,,,,280.0,28831.0,711.0,0.0,0.011425149583444259,0.0,,,,0.009711768582428636,0.024660955221809857,0.0
156,Hawaii,1985.0,73410.0,13.0,0.0,,,,899.0,13157.0,540.0,0.0,0.027039912818417108,0.0,,,,0.06832864634795166,0.041042790909781864,0.0
157,Idaho,1879.0,115428.0,13.0,0.0,,,,374.0,498.0,4.0,0.0,0.01627854593339571,0.0,,,,0.751004016064257,0.008032128514056224,0.0
158,Illinois,49186.0,2580550.0,13.0,0.0,,,,452.0,5151.0,84.0,1.0,0.019060277847745635,0.0,,,,0.0877499514657348,0.016307513104251603,0.00019413706076490002
159,Indiana,4829.0,377583.0,13.0,0.0,,,,382.0,3971.0,14.0,7.0,0.012789241041042631,0.0,,,,0.09619743137748678,0.0035255603122639136,0.0017627801561319568
160,Iowa,3444.0,1263532.0,13.0,0.0,,,,598.0,1400.0,22.0,1.0,0.002725692740666639,0.0,,,,0.42714285714285716,0.015714285714285715,0.0007142857142857143
161,Kansas,4191.0,276290.0,13.0,0.0,,,,66.0,113.0,0.0,0.0,0.015168844330232726,0.0,,,,0.584070796460177,0.0,0.0
162,Kentucky,3859.0,855614.0,13.0,0.0,,,,281.0,3855.0,17.0,0.0,0.004510211380365445,0.0,,,,0.07289234760051881,0.004409857328145266,0.0
163,Louisiana,45431.0,1636093.0,13.0,0.0,,,,805.0,4144.0,183.0,0.0,0.027767981404480065,0.0,,,,0.19425675675675674,0.04416023166023166,0.0
164,Maine,2420.0,259443.0,13.0,0.0,,,,302.0,980.0,60.0,0.0,0.009327675057719807,0.0,,,,0.3081632653061224,0.061224489795918366,0.0
165,Maryland,5440.0,448418.0,13.0,0.0,,,,1317.0,4402.0,152.0,0.0,0.012131537984648253,0.0,,,,0.2991821899136756,0.03452975920036347,0.0
166,Massachusetts,13998.0,1355280.0,13.0,0.0,,,,204.0,2095.0,67.0,0.0,0.01032849300513547,0.0,,,,0.0973747016706444,0.03198090692124105,0.0
167,Michigan,10952.0,654238.0,13.0,0.0,,,,330.0,630.0,26.0,0.0,0.016740085412342297,0.0,,,,0.5238095238095238,0.04126984126984127,0.0
168,Minnesota,3040.0,221085.0,13.0,0.0,,,,1250.0,10479.0,133.0,0.0,0.013750367505710473,0.0,,,,0.11928619143048001,0.012692050768203072,0.0
169,Mississippi,27545.0,834806.0,13.0,0.0,,,,131.0,2407.0,26.0,0.0,0.03299569001660266,0.0,,,,0.05442459493144994,0.01080182800166182,0.0
170,Missouri,4716.0,293474.0,13.0,0.0,,,,420.0,15427.0,40.0,0.0,0.016069566639634176,0.0,,,,0.027224995138393725,0.0025928566798470213,0.0
171,Montana,291.0,106455.0,13.0,0.0,,,,415.0,3967.0,20.0,0.0,0.002733549387064957,0.0,,,,0.10461305772624149,0.005041593143433325,0.0
172,Nebraska,1267.0,101323.0,13.0,0.0,,,,273.0,2312.0,16.0,0.0,0.012504564610206962,0.0,,,,0.11807958477508651,0.006920415224913495,0.0
173,Nevada,9131.0,726583.0,13.0,0.0,,,,358.0,1350.0,87.0,0.0,0.012567043269660865,0.0,,,,0.2651851851851852,0.06444444444444444,0.0
174,New Hampshire,467.0,179911.0,13.0,0.0,,,,304.0,1289.0,82.0,0.0,0.002595727887677796,0.0,,,,0.23584173778122575,0.06361520558572537,0.0
175,New Jersey,9272.0,417025.0,13.0,0.0,,,,0.0,0.0,0.0,0.0,0.022233679036029016,,,,,,,
176,New Mexico,11610.0,475959.0,13.0,0.0,,,,261.0,1439.0,12.0,0.0,0.024392857367966567,0.0,,,,0.1813759555246699,0.008339124391938846,0.0
177,New York,10188.0,670418.0,13.0,0.0,,,,1543.0,38331.0,1325.0,0.0,0.015196489354402775,0.0,,,,0.04025462419451619,0.03456732148913412,0.0
178,North Carolina,7761.0,559484.0,13.0,0.0,,,,229.0,619.0,11.0,0.0,0.013871710361690414,0.0,,,,0.36995153473344106,0.017770597738287562,0.0
179,North Dakota,681.0,70831.0,13.0,0.0,,,,159.0,2737.0,35.0,0.0,0.00961443435783767,0.0,,,,0.058092802338326636,0.01278772378516624,0.0
180,Ohio,4938.0,632449.0,13.0,0.0,,,,296.0,3332.0,42.0,0.0,0.007807744181744299,0.0,,,,0.08883553421368548,0.012605042016806723,0.0
181,Oklahoma,5307.0,174069.0,13.0,0.0,,,,541.0,6902.0,62.0,0.0,0.03048790996673733,0.0,,,,0.07838307736887859,0.008982903506230079,0.0
182,Oregon,1094.0,130808.0,13.0,0.0,,,,444.0,1107.0,4.0,0.0,0.008363402849978595,0.0,,,,0.4010840108401084,0.0036133694670280035,0.0
183,Pennsylvania,7753.0,626727.0,13.0,0.0,,,,991.0,8094.0,283.0,0.0,0.012370617509697205,0.0,,,,0.12243637262169509,0.03496417099085743,0.0
184,Rhode Island,1298.0,275918.0,13.0,0.0,,,,0.0,0.0,0.0,0.0,0.00470429620394465,,,,,,,
185,South Carolina,1587.0,272596.0,13.0,0.0,,,,197.0,4618.0,118.0,0.0,0.005821802227472157,0.0,,,,0.042659159809441315,0.025552187093980078,0.0
186,South Dakota,2633.0,223928.0,13.0,0.0,,,,487.0,4711.0,62.0,0.0,0.0117582437211961,0.0,,,,0.10337507960093398,0.013160687752069624,0.0
187,Tennessee,5119.0,479688.0,13.0,0.0,,,,486.0,4240.0,28.0,0.0,0.010671519821217125,0.0,,,,0.11462264150943396,0.006603773584905661,0.0
188,Texas,72735.0,1972914.0,13.0,0.0,,,,1620.0,43778.0,932.0,0.0,0.036866786894917875,0.0,,,,0.037004888300059394,0.021289232034355156,0.0
189,Utah,17548.0,947602.0,13.0,0.0,,,,1159.0,21247.0,309.0,0.0,0.018518323093450625,0.0,,,,0.054548877488586625,0.014543229632418695,0.0
190,Vermont,3056.0,123000.0,13.0,0.0,,,,73.0,124.0,1.0,0.0,0.024845528455284552,0.0,,,,0.5887096774193549,0.008064516129032258,0.0
191,Virginia,64073.0,3378822.0,13.0,0.0,,,,510.0,4727.0,78.0,0.0,0.018963117915060338,0.0,,,,0.10789083985614555,0.01650095197799873,0.0
192,Washington,1754.0,246271.0,13.0,0.0,,,,1090.0,13688.0,112.0,0.0,0.0071222352611553935,0.0,,,,0.07963179427235535,0.008182349503214495,0.0
193,West Virginia,6202.0,642309.0,13.0,0.0,,,,1014.0,12247.0,27.0,0.0,0.009655788724741519,0.0,,,,0.08279578672327917,0.002204621539968972,0.0
194,Wisconsin,3064.0,218528.0,13.0,0.0,,,,647.0,3804.0,62.0,0.0,0.014021086542685605,0.0,,,,0.17008412197686645,0.01629863301787592,0.0
195,Wyoming,1525.0,212431.0,13.0,0.0,,,,231.0,922.0,10.0,0.0,0.007178801587338948,0.0,,,,0.25054229934924077,0.010845986984815618,0.0
196,Alabama,19081.0,427031.0,14.0,0.0,,,,0.0,8800.0,213.0,0.0,0.0446829387093677,0.0,,,,0.0,0.024204545454545454,0.0
197,Alaska,549.0,51217.0,14.0,0.0,,,,4.0,4487.0,187.0,0.0,0.010719097174766191,0.0,,,,0.0008914642299977714,0.04167595275239581,0.0
198,Arizona,16668.0,1182088.0,14.0,0.0,,,,5.0,7437.0,234.0,0.0,0.014100473061227253,0.0,,,,0.000672314105149926,0.03146430012101654,0.0
199,Arkansas,5205.0,170716.0,14.0,0.0,,,,0.0,4336.0,224.0,0.0,0.030489233580918016,0.0,,,,0.0,0.05166051660516605,0.0
200,California,49959.0,1935730.0,14.0,0.0,,,,30.0,48893.0,1299.0,0.0,0.025808867972289522,0.0,,,,0.0006135847667355245,0.02656822039964821,0.0
201,Colorado,1754.0,175303.0,14.0,0.0,,,,18.0,20168.0,734.0,0.0,0.010005533276669538,0.0,,,,0.0008925029750099166,0.036394287980959936,0.0
202,Connecticut,3676.0,159008.0,14.0,0.0,,,,5.0,16224.0,365.0,0.0,0.023118333668746226,0.0,,,,0.0003081854043392505,0.022497534516765286,0.0
203,Delaware,668.0,105692.0,14.0,0.0,,,,5.0,5928.0,71.0,0.0,0.006320251296219203,0.0,,,,0.0008434547908232119,0.011977058029689609,0.0
204,Georgia,18981.0,1179448.0,14.0,0.0,,,,3.0,37005.0,1151.0,0.0,0.016093121528036845,0.0,,,,8.107012565869477e-05,0.03110390487771923,0.0
205,Hawaii,7320.0,116561.0,14.0,0.0,,,,18.0,15451.0,655.0,0.0,0.06279973576067467,0.0,,,,0.0011649731408970294,0.0423920781826419,0.0
206,Idaho,3640.0,123756.0,14.0,0.0,,,,2.0,1953.0,58.0,0.0,0.029412715343094475,0.0,,,,0.0010240655401945725,0.029697900665642603,0.0
207,Illinois,57564.0,2640079.0,14.0,0.0,,,,6.0,20467.0,895.0,0.0,0.021803892989565844,0.0,,,,0.00029315483461181413,0.043728929496262274,0.0
208,Indiana,5966.0,364159.0,14.0,0.0,,,,5.0,8120.0,181.0,0.0,0.01638295359993849,0.0,,,,0.0006157635467980296,0.02229064039408867,0.0
209,Iowa,3124.0,817034.0,14.0,0.0,,,,8.0,5427.0,344.0,0.0,0.003823586288942688,0.0,,,,0.0014741109268472453,0.06338676985443155,0.0
210,Kansas,7553.0,274922.0,14.0,0.0,,,,0.0,7987.0,351.0,0.0,0.027473246957318804,0.0,,,,0.0,0.043946412920996616,0.0
211,Kentucky,5193.0,1077625.0,14.0,0.0,,,,2.0,8994.0,169.0,0.0,0.004818930518501334,0.0,,,,0.00022237046920169,0.018790304647542805,0.0
212,Louisiana,66823.0,2319018.0,14.0,0.0,,,,3.0,12761.0,563.0,0.0,0.02881521402593684,0.0,,,,0.00023509129378575347,0.0441187994671264,0.0
213,Maine,3455.0,269650.0,14.0,0.0,,,,0.0,4365.0,150.0,0.0,0.012812905618394215,0.0,,,,0.0,0.03436426116838488,0.0
214,Maryland,7095.0,448753.0,14.0,0.0,,,,4.0,9008.0,252.0,0.0,0.015810479261419978,0.0,,,,0.0004440497335701599,0.02797513321492007,0.0
215,Massachusetts,14625.0,1268849.0,14.0,0.0,,,,4.0,13488.0,279.0,0.0,0.011526194212234869,0.0,,,,0.0002965599051008304,0.020685053380782917,0.0
216,Michigan,7095.0,734183.0,14.0,0.0,,,,2.0,25507.0,813.0,0.0,0.00966380316624057,0.0,,,,7.840984827694359e-05,0.03187360332457757,0.0
217,Minnesota,4500.0,238254.0,14.0,0.0,,,,5.0,22450.0,763.0,0.0,0.01888740587776071,0.0,,,,0.00022271714922048998,0.03398663697104677,0.0
218,Mississippi,37065.0,967589.0,14.0,0.0,,,,0.0,5161.0,186.0,0.0,0.038306553712371676,0.0,,,,0.0,0.036039527223406316,0.0
219,Missouri,6123.0,293029.0,14.0,0.0,,,,2.0,27663.0,325.0,0.0,0.02089554276197919,0.0,,,,7.229873838701515e-05,0.01174854498788996,0.0
220,Montana,562.0,135131.0,14.0,0.0,,,,6.0,6183.0,86.0,0.0,0.004158927263174253,0.0,,,,0.0009704027171276079,0.013909105612162381,0.0
221,Nebraska,1696.0,109317.0,14.0,0.0,,,,0.0,4955.0,154.0,0.0,0.015514512838808236,0.0,,,,0.0,0.031079717457114027,0.0
222,Nevada,7373.0,684718.0,14.0,0.0,,,,1.0,1066.0,43.0,0.0,0.010767936581191089,0.0,,,,0.0009380863039399625,0.040337711069418386,0.0
223,New Hampshire,871.0,199550.0,14.0,0.0,,,,3.0,1247.0,34.0,0.0,0.004364820846905537,0.0,,,,0.0024057738572574178,0.0272654370489174,0.0
224,New Jersey,8699.0,409988.0,14.0,0.0,,,,0.0,0.0,0.0,0.0,0.02121769417641492,,,,,,,
225,New Mexico,11714.0,532503.0,14.0,0.0,,,,1.0,2478.0,147.0,0.0,0.02199799813334385,0.0,,,,0.0004035512510088781,0.059322033898305086,0.0
226,New York,11532.0,611081.0,14.0,0.0,,,,33.0,71542.0,1615.0,0.0,0.018871475303601323,0.0,,,,0.0004612675071985687,0.022574152246232982,0.0
227,North Carolina,10948.0,567911.0,14.0,0.0,,,,3.0,8340.0,246.0,0.0,0.019277668507917615,0.0,,,,0.00035971223021582735,0.029496402877697843,0.0
228,North Dakota,1098.0,68972.0,14.0,0.0,,,,1.0,1160.0,118.0,0.0,0.015919503566664734,0.0,,,,0.0008620689655172414,0.10172413793103448,0.0
229,Ohio,7046.0,643626.0,14.0,0.0,,,,2.0,23241.0,534.0,1.0,0.010947351412155507,0.0,,,,8.6054816918377e-05,0.02297663611720666,4.30274084591885e-05
230,Oklahoma,4406.0,133456.0,14.0,0.0,,,,0.0,10472.0,306.0,0.0,0.03301462654357991,0.0,,,,0.0,0.02922077922077922,0.0
231,Oregon,1054.0,139599.0,14.0,0.0,,,,1.0,10904.0,179.0,0.0,0.007550197350983889,0.0,,,,9.170946441672781e-05,0.016415994130594278,0.0
232,Pennsylvania,13434.0,675692.0,14.0,0.0,,,,5.0,25244.0,434.0,0.0,0.01988183965475394,0.0,,,,0.00019806686737442562,0.01719220408810014,0.0
233,Rhode Island,1966.0,287483.0,14.0,0.0,,,,0.0,0.0,0.0,0.0,0.006838665242814358,,,,,,,
234,South Carolina,2533.0,248766.0,14.0,0.0,,,,0.0,14166.0,335.0,0.0,0.010182259633551209,0.0,,,,0.0,0.023648171678667233,0.0
235,South Dakota,3685.0,304162.0,14.0,0.0,,,,2.0,9952.0,432.0,0.0,0.012115254371025966,0.0,,,,0.00020096463022508038,0.04340836012861737,0.0
236,Tennessee,5924.0,466485.0,14.0,0.0,,,,0.0,13973.0,356.0,0.0,0.012699229342851325,0.0,,,,0.0,0.025477707006369428,0.0
237,Texas,60740.0,1798597.0,14.0,0.0,,,,4.0,66055.0,2219.0,0.0,0.033770766881074527,0.0,,,,6.0555597608053896e-05,0.033593217773067896,0.0
238,Utah,19022.0,933318.0,14.0,0.0,,,,3.0,29696.0,600.0,0.0,0.020381049117235497,0.0,,,,0.00010102370689655172,0.020204741379310345,0.0
239,Vermont,3193.0,127978.0,14.0,0.0,,,,0.0,6109.0,191.0,0.0,0.02494960071262248,0.0,,,,0.0,0.03126534621050908,0.0
240,Virginia,98104.0,4285774.0,14.0,0.0,,,,3.0,10793.0,212.0,0.0,0.02289061439077282,0.0,,,,0.0002779579356990642,0.01964236078940054,0.0
241,Washington,2102.0,192252.0,14.0,0.0,,,,10.0,16627.0,320.0,0.0,0.010933566360818093,0.0,,,,0.0006014314067480604,0.019245805015937933,0.0
242,West Virginia,14162.0,718752.0,14.0,0.0,,,,0.0,20892.0,272.0,0.0,0.019703597346511732,0.0,,,,0.0,0.013019337545471951,0.0
243,Wisconsin,5994.0,270875.0,14.0,0.0,,,,4.0,6477.0,427.0,1.0,0.022128287955699124,0.0,,,,0.0006175698625907056,0.06592558283155782,0.0001543924656476764
244,Wyoming,3134.0,246511.0,14.0,0.0,,,,0.0,1154.0,102.0,0.0,0.012713428609676647,0.0,,,,0.0,0.08838821490467938,0.0
245,Alabama,12214.0,431946.0,15.0,0.0,16.0,2.0,2.0,59.0,851.0,4.0,0.0,0.028276682733489836,0.0,0.01880141010575793,0.0023501762632197414,0.0023501762632197414,0.06933019976498238,0.004700352526439483,0.0
246,Alaska,999.0,63806.0,15.0,0.0,98.0,1.0,2.0,607.0,5446.0,242.0,0.0,0.01565683478042817,0.0,0.017994858611825194,0.0001836210062431142,0.0003672420124862284,0.11145795078957033,0.04443628351083364,0.0
247,Arizona,23862.0,1103093.0,15.0,0.0,580.0,58.0,399.0,762.0,2677.0,13.0,0.0,0.02163190229654254,0.0,0.21666044079193125,0.021666044079193127,0.14904744116548374,0.2846469929025028,0.004856182293612252,0.0
248,Arkansas,2804.0,156613.0,15.0,0.0,8.0,12.0,0.0,20.0,377.0,1.0,0.0,0.01790400541462075,0.0,0.021220159151193633,0.03183023872679045,0.0,0.05305039787798409,0.002652519893899204,0.0
249,California,41157.0,1951617.0,15.0,0.0,854.0,309.0,803.0,1466.0,17472.0,783.0,0.0,0.021088666475030705,0.0,0.04887820512820513,0.01768543956043956,0.04595924908424909,0.08390567765567765,0.04481456043956044,0.0
250,Colorado,1398.0,176040.0,15.0,0.0,243.0,40.0,144.0,913.0,3636.0,14.0,0.0,0.007941376959781869,0.0,0.06683168316831684,0.011001100110011002,0.039603960396039604,0.2511001100110011,0.0038503850385038503,0.0
251,Connecticut,3477.0,189037.0,15.0,0.0,52.0,0.0,0.0,662.0,3253.0,189.0,0.0,0.018393224606823,0.0,0.015985244389794036,0.0,0.0,0.20350445742391637,0.05810021518598217,0.0
252,Delaware,412.0,146410.0,15.0,0.0,20.0,78.0,69.0,414.0,2860.0,8.0,0.0,0.002814015436104091,0.0,0.006993006993006993,0.02727272727272727,0.024125874125874126,0.14475524475524476,0.002797202797202797,0.0
253,Georgia,27799.0,1705451.0,15.0,0.0,32.0,38.0,41.0,300.0,4885.0,41.0,0.0,0.016300087191012818,0.0,0.0065506653019447286,0.0077789150460593655,0.008393039918116683,0.06141248720573183,0.008393039918116683,0.0
254,Hawaii,2039.0,78994.0,15.0,0.0,223.0,80.0,187.0,480.0,5795.0,166.0,0.0,0.025812086993948907,0.0,0.038481449525452974,0.013805004314063849,0.03226919758412425,0.08283002588438308,0.028645383951682486,0.0
255,Idaho,1007.0,99758.0,15.0,0.0,57.0,28.0,283.0,200.0,669.0,0.0,0.0,0.010094428517011167,0.0,0.08520179372197309,0.04185351270553064,0.42301943198804187,0.29895366218236175,0.0,0.0
256,Illinois,47412.0,2371512.0,15.0,0.0,39.0,21.0,37.0,249.0,4699.0,3.0,0.0,0.019992308704320283,0.0,0.008299638220898064,0.004469035965098957,0.007874015748031496,0.052989997871887635,0.000638433709299851,0.0
257,Indiana,3598.0,261845.0,15.0,0.0,75.0,31.0,19.0,270.0,1376.0,16.0,0.0,0.013740953617598197,0.0,0.05450581395348837,0.02252906976744186,0.013808139534883721,0.19622093023255813,0.011627906976744186,0.0
258,Iowa,416.0,80032.0,15.0,0.0,46.0,26.0,78.0,277.0,1411.0,5.0,0.0,0.005197920831667333,0.0,0.03260099220411056,0.01842664776754075,0.05527994330262225,0.19631467044649184,0.003543586109142452,0.0
259,Kansas,3897.0,295237.0,15.0,0.0,16.0,6.0,20.0,108.0,435.0,4.0,0.0,0.013199565095160837,0.0,0.0367816091954023,0.013793103448275862,0.04597701149425287,0.2482758620689655,0.009195402298850575,0.0
260,Kentucky,7464.0,1208331.0,15.0,0.0,17.0,5.0,2.0,112.0,1630.0,74.0,0.0,0.006177115376498658,0.0,0.010429447852760737,0.003067484662576687,0.001226993865030675,0.0687116564417178,0.04539877300613497,0.0
261,Louisiana,46313.0,2308067.0,15.0,0.0,90.0,0.0,0.0,177.0,2486.0,102.0,0.0,0.020065708664436518,0.0,0.036202735317779566,0.0,0.0,0.07119871279163315,0.04102976669348351,0.0
262,Maine,2417.0,255624.0,15.0,0.0,24.0,0.0,0.0,226.0,796.0,69.0,0.0,0.009455293712640441,0.0,0.03015075376884422,0.0,0.0,0.28391959798994976,0.08668341708542714,0.0
263,Maryland,6518.0,347954.0,15.0,0.0,51.0,175.0,222.0,1149.0,4984.0,1.0,0.0,0.018732361174178196,0.0,0.010232744783306581,0.0351123595505618,0.044542536115569825,0.23053772070626002,0.00020064205457463884,0.0
264,Massachusetts,11176.0,1093829.0,15.0,0.0,8.0,25.0,9.0,147.0,1190.0,6.0,0.0,0.010217319160490351,0.0,0.0067226890756302525,0.02100840336134454,0.007563025210084034,0.12352941176470589,0.005042016806722689,0.0
265,Michigan,10204.0,1053645.0,15.0,0.0,68.0,21.0,31.0,276.0,2283.0,14.0,12.0,0.009684476270470605,0.0,0.029785370127025843,0.009198423127463863,0.01357862461673237,0.12089356110381078,0.006132282084975909,0.005256241787122208
266,Minnesota,2929.0,230858.0,15.0,0.0,61.0,13.0,110.0,752.0,7558.0,4.0,1.0,0.012687452893120446,0.0,0.008070918232336598,0.0017200317544323895,0.014554114845197141,0.09949722148716592,0.0005292405398253506,0.00013231013495633765
267,Mississippi,25540.0,962804.0,15.0,0.0,8.0,13.0,9.0,19.0,545.0,0.0,0.0,0.026526686636117007,0.0,0.014678899082568808,0.023853211009174313,0.01651376146788991,0.03486238532110092,0.0,0.0
268,Missouri,4665.0,302160.0,15.0,0.0,11.0,11.0,8.0,20.0,4490.0,1.0,0.0,0.015438840349483717,0.0,0.0024498886414253897,0.0024498886414253897,0.0017817371937639199,0.004454342984409799,0.00022271714922048998,0.0
269,Montana,333.0,142360.0,15.0,0.0,23.0,0.0,0.0,88.0,1496.0,39.0,0.0,0.002339140207923574,0.0,0.01537433155080214,0.0,0.0,0.058823529411764705,0.02606951871657754,0.0
270,Nebraska,861.0,134444.0,15.0,0.0,12.0,1.0,4.0,71.0,713.0,13.0,0.0,0.006404153402160007,0.0,0.016830294530154277,0.001402524544179523,0.005610098176718092,0.09957924263674614,0.0182328190743338,0.0
271,Nevada,5372.0,583384.0,15.0,0.0,29.0,30.0,60.0,96.0,813.0,26.0,0.0,0.009208343046775366,0.0,0.03567035670356704,0.03690036900369004,0.07380073800738007,0.11808118081180811,0.03198031980319803,0.0
272,New Hampshire,874.0,198552.0,15.0,0.0,15.0,58.0,17.0,117.0,335.0,0.0,0.0,0.004401869535436561,0.0,0.04477611940298507,0.17313432835820897,0.050746268656716415,0.3492537313432836,0.0,0.0
273,New Jersey,4048.0,250321.0,15.0,0.0,92.0,9.0,8.0,188.0,926.0,105.0,0.0,0.016171236132805477,0.0,0.09935205183585313,0.009719222462203024,0.008639308855291577,0.20302375809935205,0.11339092872570194,0.0
274,New Mexico,10598.0,513507.0,15.0,0.0,159.0,44.0,62.0,193.0,2048.0,103.0,0.0,0.0206384723090435,0.0,0.07763671875,0.021484375,0.0302734375,0.09423828125,0.05029296875,0.0
275,New York,5767.0,401388.0,15.0,0.0,96.0,167.0,91.0,894.0,12186.0,35.0,0.0,0.014367644274367944,0.0,0.007877892663712457,0.013704250779583128,0.0074675857541441,0.07336287543082226,0.0028721483669785,0.0
276,North Carolina,9955.0,519545.0,15.0,0.0,28.0,26.0,22.0,173.0,931.0,9.0,0.0,0.0191609966412919,0.0,0.03007518796992481,0.027926960257787327,0.023630504833512353,0.1858216970998926,0.00966702470461869,0.0
277,North Dakota,250.0,45530.0,15.0,0.0,12.0,11.0,35.0,145.0,264.0,0.0,0.0,0.005490885130683066,0.0,0.045454545454545456,0.041666666666666664,0.13257575757575757,0.5492424242424242,0.0,0.0
278,Ohio,6522.0,732901.0,15.0,0.0,50.0,45.0,42.0,374.0,3319.0,19.0,6.0,0.008898882659458781,0.0,0.015064778547755347,0.013558300692979813,0.012654413980114493,0.11268454353721,0.005724615848147032,0.0018077734257306419
279,Oklahoma,5316.0,225820.0,15.0,0.0,10.0,3.0,11.0,27.0,1739.0,8.0,0.0,0.02354087326189,0.0,0.005750431282346176,0.0017251293847038527,0.0063254744105807935,0.015526164462334674,0.004600345025876941,0.0
280,Oregon,2295.0,174417.0,15.0,0.0,30.0,0.0,4.0,67.0,1335.0,185.0,0.0,0.013158121054713704,0.0,0.02247191011235955,0.0,0.00299625468164794,0.050187265917602995,0.13857677902621723,0.0
281,Pennsylvania,11935.0,641339.0,15.0,0.0,53.0,63.0,115.0,228.0,3050.0,13.0,0.0,0.018609502930587413,0.0,0.01737704918032787,0.020655737704918034,0.03770491803278689,0.07475409836065573,0.0042622950819672135,0.0
282,Rhode Island,1218.0,256767.0,15.0,0.0,19.0,5.0,31.0,109.0,397.0,1.0,0.0,0.0047436002290013905,0.0,0.04785894206549118,0.012594458438287154,0.07808564231738035,0.27455919395465994,0.0025188916876574307,0.0
283,South Carolina,1716.0,170818.0,15.0,0.0,107.0,17.0,7.0,101.0,2334.0,3.0,0.0,0.010045779718765002,0.0,0.04584404455869751,0.00728363324764353,0.0029991431019708655,0.043273350471293916,0.0012853470437017994,0.0
284,South Dakota,5016.0,358855.0,15.0,0.0,27.0,47.0,41.0,260.0,2122.0,6.0,0.0,0.013977790472474955,0.0,0.012723845428840716,0.022148916116870875,0.01932139491046183,0.12252591894439209,0.002827521206409048,0.0
285,Tennessee,6484.0,452323.0,15.0,0.0,9.0,0.0,0.0,114.0,2497.0,77.0,0.0,0.014334889006307439,0.0,0.003604325190228274,0.0,0.0,0.04565478574289147,0.030837004405286344,0.0
286,Texas,44826.0,1397617.0,15.0,0.0,165.0,53.0,83.0,125.0,7632.0,130.0,0.0,0.03207316453649319,0.0,0.02161949685534591,0.006944444444444444,0.010875262054507338,0.01637840670859539,0.017033542976939202,0.0
287,Utah,17078.0,1002656.0,15.0,0.0,79.0,31.0,345.0,248.0,4694.0,30.0,0.0,0.01703276098681901,0.0,0.016829995739241585,0.006604175543246698,0.07349808265871326,0.052833404345973584,0.006391137622496805,0.0
288,Vermont,1555.0,122542.0,15.0,0.0,48.0,0.0,1.0,73.0,439.0,31.0,0.0,0.012689526856098317,0.0,0.10933940774487472,0.0,0.002277904328018223,0.1662870159453303,0.07061503416856492,0.0
289,Virginia,87608.0,4543812.0,15.0,0.0,15.0,4.0,5.0,270.0,2019.0,79.0,0.0,0.019280727283611205,0.0,0.007429420505200594,0.001981178801386825,0.0024764735017335313,0.1337295690936107,0.0391282813273898,0.0
290,Washington,1618.0,208077.0,15.0,0.0,126.0,52.0,128.0,218.0,2798.0,105.0,0.0,0.007775967550474104,0.0,0.04503216583273767,0.01858470335954253,0.045746962115797,0.07791279485346676,0.03752680486061472,0.0
291,West Virginia,10737.0,770848.0,15.0,0.0,11.0,0.0,5.0,169.0,2906.0,97.0,0.0,0.013928816057121507,0.0,0.003785271851342051,0.0,0.0017205781142463868,0.058155540261527874,0.033379215416379907,0.0
292,Wisconsin,4216.0,252617.0,15.0,0.0,41.0,68.0,74.0,750.0,4050.0,4.0,0.0,0.01668929644481567,0.0,0.010123456790123457,0.016790123456790124,0.018271604938271607,0.18518518518518517,0.0009876543209876543,0.0
293,Wyoming,1608.0,185701.0,15.0,0.0,27.0,1.0,42.0,104.0,494.0,2.0,0.0,0.008659080995794315,0.0,0.05465587044534413,0.0020242914979757085,0.08502024291497975,0.21052631578947367,0.004048582995951417,0.0
294,Alabama,12006.0,352609.0,16.0,,227.0,15.0,14.0,3.0,570.0,2.0,0.0,0.03404904582696414,,0.39824561403508774,0.02631578947368421,0.02456140350877193,0.005263157894736842,0.0035087719298245615,0.0
295,Alaska,1181.0,73995.0,16.0,,905.0,2.0,11.0,14.0,5222.0,252.0,0.0,0.015960537874180687,,0.1733052470317886,0.00038299502106472615,0.0021064726158559937,0.002680965147453083,0.04825737265415549,0.0
296,Arizona,18367.0,1095776.0,16.0,,1630.0,227.0,578.0,63.0,2975.0,5.0,0.0,0.016761637414946122,,0.5478991596638656,0.07630252100840336,0.19428571428571428,0.021176470588235293,0.0016806722689075631,0.0
297,Arkansas,4156.0,157000.0,16.0,,51.0,4.0,0.0,0.0,121.0,0.0,0.0,0.026471337579617834,,0.4214876033057851,0.03305785123966942,0.0,0.0,0.0,0.0
298,California,42540.0,2254616.0,16.0,,4696.0,28.0,152.0,184.0,14074.0,116.0,0.0,0.018867958002604435,,0.3336649140258633,0.001989484155179764,0.010800056842404433,0.013073753019752736,0.008242148642887593,0.0
299,Colorado,1878.0,170035.0,16.0,,267.0,31.0,219.0,3.0,714.0,4.0,0.0,0.011044784897227041,,0.3739495798319328,0.04341736694677871,0.3067226890756303,0.004201680672268907,0.0056022408963585435,0.0
300,Connecticut,3056.0,143010.0,16.0,,968.0,62.0,263.0,19.0,1348.0,0.0,0.0,0.02136913502552269,,0.7181008902077152,0.04599406528189911,0.19510385756676557,0.014094955489614243,0.0,0.0
301,Delaware,359.0,136000.0,16.0,,659.0,27.0,127.0,5.0,3090.0,11.0,1.0,0.002639705882352941,,0.21326860841423947,0.008737864077669903,0.04110032362459547,0.0016181229773462784,0.0035598705501618125,0.00032362459546925567
302,Georgia,69727.0,2522381.0,16.0,,1058.0,333.0,167.0,27.0,3956.0,34.0,0.0,0.027643325889308554,,0.26744186046511625,0.08417593528816987,0.04221435793731042,0.006825075834175936,0.008594539939332659,0.0
303,Hawaii,1537.0,65346.0,16.0,,889.0,89.0,189.0,53.0,2442.0,7.0,0.0,0.023520950019894103,,0.36404586404586403,0.03644553644553645,0.0773955773955774,0.021703521703521703,0.0028665028665028664,0.0
304,Idaho,682.0,72922.0,16.0,,983.0,16.0,26.0,9.0,1311.0,1.0,0.0,0.009352458791585529,,0.7498093058733791,0.012204424103737605,0.019832189168573607,0.006864988558352402,0.0007627765064836003,0.0
305,Illinois,45296.0,2292568.0,16.0,,479.0,325.0,80.0,6.0,3060.0,3.0,0.0,0.019757756367531954,,0.1565359477124183,0.10620915032679738,0.026143790849673203,0.00196078431372549,0.000980392156862745,0.0
306,Indiana,4379.0,245759.0,16.0,,694.0,112.0,122.0,39.0,1255.0,2.0,0.0,0.01781826911730598,,0.552988047808765,0.08924302788844622,0.09721115537848606,0.031075697211155377,0.0015936254980079682,0.0
307,Iowa,945.0,119488.0,16.0,,822.0,79.0,150.0,15.0,1839.0,7.0,0.0,0.007908743974290306,,0.4469820554649266,0.042958129418162044,0.08156606851549755,0.008156606851549755,0.0038064165307232192,0.0
308,Kansas,6786.0,279327.0,16.0,,122.0,2.0,10.0,4.0,330.0,15.0,0.0,0.02429410690695851,,0.3696969696969697,0.006060606060606061,0.030303030303030304,0.012121212121212121,0.045454545454545456,0.0
309,Kentucky,12321.0,692093.0,16.0,,250.0,3.0,9.0,20.0,541.0,57.0,0.0,0.017802520759493304,,0.46210720887245843,0.005545286506469501,0.0166358595194085,0.036968576709796676,0.10536044362292052,0.0
310,Louisiana,61598.0,2554202.0,16.0,,602.0,37.0,155.0,40.0,1947.0,33.0,0.0,0.024116338488498562,,0.3091936312275295,0.019003595274781716,0.07960965588084232,0.02054442732408834,0.01694915254237288,0.0
311,Maine,2157.0,236405.0,16.0,,268.0,8.0,53.0,0.0,894.0,137.0,0.0,0.00912417250058163,,0.29977628635346754,0.008948545861297539,0.0592841163310962,0.0,0.15324384787472037,0.0
312,Maryland,7597.0,393748.0,16.0,,2068.0,94.0,557.0,57.0,5997.0,16.0,39.0,0.019294066255574633,,0.34483908620977155,0.01567450391862598,0.0928797732199433,0.009504752376188095,0.0026680006670001667,0.0065032516258129065
313,Massachusetts,14740.0,1332557.0,16.0,,312.0,0.0,4.0,6.0,485.0,1.0,0.0,0.01106144052374495,,0.643298969072165,0.0,0.008247422680412371,0.012371134020618556,0.002061855670103093,0.0
314,Michigan,17735.0,1078052.0,16.0,,541.0,57.0,145.0,20.0,962.0,29.0,1.0,0.016450968969956924,,0.5623700623700624,0.059251559251559255,0.15072765072765074,0.02079002079002079,0.030145530145530147,0.0010395010395010396
315,Minnesota,5484.0,258982.0,16.0,,1513.0,75.0,808.0,24.0,6521.0,2.0,0.0,0.021175216810434702,,0.23201962889127434,0.011501303481061187,0.12390737616929919,0.0036804171139395796,0.00030670142616163164,0.0
316,Mississippi,27172.0,913596.0,16.0,,143.0,15.0,20.0,9.0,355.0,1.0,0.0,0.029741811479034496,,0.4028169014084507,0.04225352112676056,0.056338028169014086,0.02535211267605634,0.0028169014084507044,0.0
317,Missouri,6037.0,287626.0,16.0,,141.0,6.0,9.0,3.0,363.0,0.0,0.0,0.020989062184920696,,0.3884297520661157,0.01652892561983471,0.024793388429752067,0.008264462809917356,0.0,0.0
318,Montana,208.0,134791.0,16.0,,314.0,0.0,37.0,36.0,739.0,4.0,0.0,0.0015431297341810654,,0.4248985115020298,0.0,0.05006765899864682,0.04871447902571042,0.005412719891745603,0.0
319,Nebraska,1216.0,129601.0,16.0,,111.0,9.0,12.0,5.0,280.0,8.0,0.0,0.009382643652440953,,0.3964285714285714,0.03214285714285714,0.04285714285714286,0.017857142857142856,0.02857142857142857,0.0
320,Nevada,7943.0,838730.0,16.0,,270.0,2.0,43.0,13.0,568.0,5.0,0.0,0.009470270528060282,,0.4753521126760563,0.0035211267605633804,0.07570422535211267,0.022887323943661973,0.008802816901408451,0.0
321,New Hampshire,993.0,162415.0,16.0,,218.0,4.0,46.0,2.0,410.0,1.0,0.0,0.006113967305975433,,0.5317073170731708,0.00975609756097561,0.11219512195121951,0.004878048780487805,0.0024390243902439024,0.0
322,New Jersey,21695.0,661483.0,16.0,,285.0,2.0,3.0,4.0,668.0,74.0,0.0,0.03279751709416569,,0.42664670658682635,0.0029940119760479044,0.004491017964071856,0.005988023952095809,0.11077844311377245,0.0
323,New Mexico,9531.0,480955.0,16.0,,481.0,6.0,58.0,14.0,1818.0,2.0,0.0,0.01981682277967793,,0.2645764576457646,0.0033003300330033004,0.0319031903190319,0.007700770077007701,0.0011001100110011,0.0
324,New York,16021.0,524369.0,16.0,,857.0,39.0,164.0,10.0,2581.0,56.0,0.0,0.030552912166813828,,0.33204184424641614,0.015110422316931422,0.063541263076327,0.0038744672607516468,0.02169701666020922,0.0
325,North Carolina,13924.0,558155.0,16.0,,285.0,28.0,60.0,39.0,901.0,8.0,0.0,0.024946475441409644,,0.316315205327414,0.03107658157602664,0.06659267480577137,0.04328523862375139,0.008879023307436182,0.0
326,North Dakota,874.0,59314.0,16.0,,351.0,37.0,278.0,26.0,1029.0,10.0,1.0,0.014735138415888324,,0.34110787172011664,0.03595724003887269,0.27016520894071916,0.025267249757045675,0.009718172983479106,0.0009718172983479105
327,Ohio,10321.0,823605.0,16.0,,832.0,64.0,173.0,13.0,1431.0,31.0,15.0,0.012531492645139357,,0.5814116002795248,0.04472396925227114,0.12089447938504543,0.009084556254367574,0.02166317260656883,0.010482180293501049
328,Oklahoma,9213.0,223488.0,16.0,,220.0,3.0,62.0,27.0,824.0,18.0,0.0,0.041223689862542955,,0.2669902912621359,0.0036407766990291263,0.07524271844660194,0.032766990291262135,0.021844660194174758,0.0
329,Oregon,3009.0,211261.0,16.0,,246.0,0.0,0.0,1.0,457.0,53.0,0.0,0.014243045332550731,,0.5382932166301969,0.0,0.0,0.002188183807439825,0.11597374179431072,0.0
330,Pennsylvania,10997.0,637729.0,16.0,,533.0,49.0,50.0,4.0,1382.0,8.0,1.0,0.017244001762504135,,0.38567293777134587,0.03545586107091172,0.0361794500723589,0.002894356005788712,0.005788712011577424,0.000723589001447178
331,Rhode Island,2258.0,214881.0,16.0,,143.0,3.0,66.0,3.0,447.0,0.0,0.0,0.010508141715647266,,0.319910514541387,0.006711409395973154,0.1476510067114094,0.006711409395973154,0.0,0.0
332,South Carolina,7830.0,251264.0,16.0,,263.0,55.0,36.0,10.0,1077.0,22.0,0.0,0.03116244268976057,,0.24419684308263695,0.0510677808727948,0.033426183844011144,0.009285051067780872,0.02042711234911792,0.0
333,South Dakota,6075.0,375428.0,16.0,,479.0,64.0,206.0,22.0,1275.0,16.0,0.0,0.016181531478738933,,0.3756862745098039,0.05019607843137255,0.16156862745098038,0.017254901960784313,0.012549019607843137,0.0
334,Tennessee,12764.0,461002.0,16.0,,350.0,3.0,9.0,24.0,2601.0,135.0,0.0,0.0276875154554644,,0.13456362937331795,0.0011534025374855825,0.0034602076124567475,0.00922722029988466,0.05190311418685121,0.0
335,Texas,45682.0,1230261.0,16.0,,397.0,35.0,115.0,49.0,1713.0,51.0,0.0,0.037131958177980116,,0.23175715119673088,0.020431990659661413,0.06713368359603035,0.028604786923525978,0.0297723292469352,0.0
336,Utah,9557.0,920038.0,16.0,,863.0,45.0,128.0,8.0,1358.0,7.0,0.0,0.010387614424621591,,0.6354933726067746,0.03313696612665685,0.09425625920471281,0.005891016200294551,0.005154639175257732,0.0
337,Vermont,1033.0,99411.0,16.0,,233.0,0.0,2.0,3.0,371.0,51.0,0.0,0.010391204192694974,,0.628032345013477,0.0,0.005390835579514825,0.008086253369272238,0.13746630727762804,0.0
338,Virginia,104421.0,4600225.0,16.0,,677.0,26.0,138.0,17.0,1662.0,31.0,0.0,0.022699107108891413,,0.4073405535499398,0.015643802647412757,0.08303249097472924,0.01022864019253911,0.01865222623345367,0.0
339,Washington,1536.0,194677.0,16.0,,534.0,9.0,53.0,18.0,1076.0,19.0,0.0,0.007889992140828141,,0.4962825278810409,0.008364312267657992,0.04925650557620818,0.016728624535315983,0.017657992565055763,0.0
340,West Virginia,13443.0,930335.0,16.0,,360.0,0.0,1.0,2.0,729.0,127.0,0.0,0.014449633734085034,,0.49382716049382713,0.0,0.0013717421124828531,0.0027434842249657062,0.17421124828532236,0.0
341,Wisconsin,3227.0,197909.0,16.0,,1011.0,86.0,261.0,31.0,4887.0,6.0,0.0,0.016305473727824406,,0.20687538367096378,0.017597708205443013,0.053406998158379376,0.0063433599345201555,0.0012277470841006752,0.0
342,Wyoming,2359.0,196098.0,16.0,,273.0,1.0,29.0,2.0,839.0,12.0,0.0,0.012029699435996287,,0.3253873659117998,0.0011918951132300357,0.03456495828367104,0.0023837902264600714,0.014302741358760428,0.0
343,Alabama,63300.0,1547485.0,17.0,,204.0,4.0,66.0,131.0,823.0,7.0,0.0,0.040905081470902785,,0.24787363304981774,0.004860267314702308,0.08019441069258809,0.1591737545565006,0.00850546780072904,0.0
344,Alaska,8270.0,205160.0,17.0,,651.0,1.0,5.0,173.0,3452.0,347.0,0.0,0.0403100019496978,,0.18858632676709153,0.00028968713789107763,0.0014484356894553883,0.05011587485515643,0.10052143684820394,0.0
345,Arizona,25857.0,839200.0,17.0,,2055.0,197.0,720.0,180.0,3366.0,8.0,0.0,0.03081148713060057,,0.6105169340463458,0.05852644087938206,0.21390374331550802,0.053475935828877004,0.0023767082590612004,0.0
346,Arkansas,6270.0,174189.0,17.0,,101.0,0.0,43.0,21.0,413.0,19.0,0.0,0.03599538432392401,,0.24455205811138014,0.0,0.10411622276029056,0.05084745762711865,0.04600484261501211,0.0
347,California,55602.0,2300927.0,17.0,,4664.0,282.0,1289.0,661.0,15664.0,702.0,0.0,0.024165043045694192,,0.29775280898876405,0.01800306435137896,0.08229060265577119,0.04219867211440245,0.044816138917262514,0.0
348,Colorado,13528.0,1068550.0,17.0,,501.0,2.0,162.0,54.0,1087.0,19.0,0.0,0.012660146928080108,,0.4609015639374425,0.0018399264029438822,0.14903403863845446,0.04967801287948482,0.017479300827966882,0.0
349,Connecticut,5021.0,155100.0,17.0,,887.0,47.0,423.0,161.0,2259.0,1.0,0.0,0.032372662798194715,,0.3926516157591855,0.02080566622399292,0.18725099601593626,0.07127047366091191,0.0004426737494466578,0.0
350,Delaware,945.0,134424.0,17.0,,382.0,100.0,206.0,163.0,2822.0,24.0,0.0,0.007029994643813604,,0.13536498936924168,0.03543586109142452,0.07299787384833452,0.05776045357902197,0.008504606661941885,0.0
351,Georgia,94462.0,2431965.0,17.0,,582.0,6.0,254.0,261.0,2051.0,38.0,0.0,0.03884184188506002,,0.2837640175524135,0.0029254022428083864,0.12384202827888835,0.1272549975621648,0.018527547537786446,0.0
352,Hawaii,1879.0,62196.0,17.0,,1072.0,42.0,500.0,102.0,3315.0,8.0,0.0,0.03021094604154608,,0.32337858220211163,0.012669683257918552,0.15082956259426847,0.03076923076923077,0.0024132730015082957,0.0
353,Idaho,631.0,52768.0,17.0,,477.0,9.0,435.0,94.0,1273.0,6.0,0.0,0.011958004851425105,,0.37470542026708564,0.007069913589945012,0.34171249018067557,0.07384131971720345,0.004713275726630008,0.0
354,Illinois,46425.0,2186362.0,17.0,,722.0,1.0,398.0,144.0,3475.0,22.0,0.0,0.021233903626206457,,0.20776978417266187,0.00028776978417266187,0.11453237410071943,0.04143884892086331,0.006330935251798561,0.0
355,Indiana,5563.0,200225.0,17.0,,562.0,14.0,233.0,126.0,1307.0,11.0,1.0,0.0277837432888001,,0.4299923488905891,0.010711553175210406,0.1782708492731446,0.09640397857689365,0.008416220351951033,0.0007651109410864575
356,Iowa,1688.0,145228.0,17.0,,980.0,2.0,480.0,60.0,2524.0,2.0,1.0,0.01162310298289586,,0.38827258320126784,0.000792393026941363,0.1901743264659271,0.02377179080824089,0.000792393026941363,0.0003961965134706815
357,Kansas,10297.0,257950.0,17.0,,54.0,2.0,15.0,23.0,229.0,21.0,0.0,0.039918588873812756,,0.23580786026200873,0.008733624454148471,0.06550218340611354,0.10043668122270742,0.09170305676855896,0.0
358,Kentucky,15917.0,439598.0,17.0,,377.0,13.0,297.0,104.0,1082.0,14.0,0.0,0.03620808101947689,,0.34842883548983367,0.012014787430683918,0.2744916820702403,0.09611829944547134,0.012939001848428836,0.0
359,Louisiana,103347.0,2775965.0,17.0,,304.0,3.0,124.0,135.0,1991.0,48.0,0.0,0.03722921578622209,,0.15268709191361124,0.0015067805123053742,0.0622802611752888,0.06780512305374184,0.024108488196885988,0.0
360,Maine,1296.0,203451.0,17.0,,316.0,33.0,115.0,55.0,1172.0,0.0,0.0,0.0063700841971776985,,0.2696245733788396,0.028156996587030716,0.09812286689419795,0.04692832764505119,0.0,0.0
361,Maryland,6716.0,330362.0,17.0,,1911.0,139.0,760.0,591.0,8114.0,10.0,0.0,0.02032921461911479,,0.23551885629775696,0.017130884890313038,0.09366526990386985,0.07283707172787775,0.0012324377618930244,0.0
362,Massachusetts,27324.0,1532499.0,17.0,,156.0,0.0,2.0,31.0,491.0,2.0,0.0,0.017829701683328994,,0.31771894093686354,0.0,0.004073319755600814,0.06313645621181263,0.004073319755600814,0.0
363,Michigan,21860.0,1136974.0,17.0,,588.0,7.0,174.0,95.0,1067.0,58.0,0.0,0.019226473076781,,0.5510777881911902,0.006560449859418931,0.16307403936269915,0.08903467666354264,0.05435801312089972,0.0
364,Minnesota,7268.0,294931.0,17.0,,2828.0,52.0,577.0,170.0,7624.0,2.0,0.0,0.024643052103712395,,0.3709338929695698,0.006820566631689402,0.07568205666316893,0.02229800629590766,0.00026232948583420777,0.0
365,Mississippi,37580.0,882626.0,17.0,,127.0,0.0,75.0,80.0,432.0,2.0,0.0,0.0425774903526522,,0.29398148148148145,0.0,0.1736111111111111,0.18518518518518517,0.004629629629629629,0.0
366,Missouri,6163.0,202927.0,17.0,,205.0,7.0,104.0,51.0,822.0,0.0,0.0,0.030370527332489024,,0.24939172749391728,0.00851581508515815,0.12652068126520682,0.06204379562043796,0.0,0.0
367,Montana,324.0,151198.0,17.0,,294.0,30.0,122.0,50.0,736.0,6.0,0.0,0.002142885487903279,,0.39945652173913043,0.04076086956521739,0.16576086956521738,0.06793478260869565,0.008152173913043478,0.0
368,Nebraska,11543.0,352371.0,17.0,,108.0,1.0,18.0,9.0,288.0,9.0,1.0,0.03275808735679157,,0.375,0.003472222222222222,0.0625,0.03125,0.03125,0.003472222222222222
369,Nevada,10869.0,883715.0,17.0,,314.0,1.0,222.0,24.0,844.0,4.0,0.0,0.012299214113147338,,0.37203791469194314,0.001184834123222749,0.26303317535545023,0.02843601895734597,0.004739336492890996,0.0
370,New Hampshire,1768.0,129623.0,17.0,,176.0,8.0,70.0,37.0,462.0,1.0,0.0,0.0136395547086551,,0.38095238095238093,0.017316017316017316,0.15151515151515152,0.08008658008658008,0.0021645021645021645,0.0
371,New Jersey,41647.0,1224219.0,17.0,,294.0,20.0,31.0,103.0,1059.0,180.0,0.0,0.034019240021597445,,0.2776203966005666,0.018885741265344664,0.02927289896128423,0.09726156751652502,0.16997167138810199,0.0
372,New Mexico,21205.0,769169.0,17.0,,447.0,0.0,280.0,41.0,1660.0,28.0,0.0,0.02756871376771555,,0.2692771084337349,0.0,0.1686746987951807,0.02469879518072289,0.016867469879518072,0.0
373,New York,16796.0,549501.0,17.0,,1422.0,17.0,384.0,232.0,4102.0,153.0,0.0,0.03056591343782814,,0.34666016577279374,0.004144319843978547,0.09361287176986836,0.056557776694295465,0.037298878595806925,0.0
374,North Carolina,16229.0,597828.0,17.0,,157.0,25.0,68.0,41.0,749.0,10.0,0.0,0.027146604039957983,,0.2096128170894526,0.03337783711615487,0.09078771695594126,0.05473965287049399,0.01335113484646195,0.0
375,North Dakota,767.0,51545.0,17.0,,619.0,32.0,214.0,72.0,1148.0,8.0,0.0,0.014880201765447668,,0.539198606271777,0.027874564459930314,0.18641114982578397,0.0627177700348432,0.006968641114982578,0.0
376,Ohio,12675.0,800104.0,17.0,,922.0,5.0,199.0,189.0,2560.0,127.0,0.0,0.015841690580224572,,0.36015625,0.001953125,0.077734375,0.073828125,0.049609375,0.0
377,Oklahoma,11300.0,312221.0,17.0,,213.0,4.0,60.0,100.0,1117.0,53.0,0.0,0.03619231249659696,,0.19068934646374217,0.0035810205908683975,0.05371530886302596,0.08952551477170993,0.047448522829006266,0.0
378,Oregon,30355.0,1441103.0,17.0,,185.0,0.0,4.0,136.0,867.0,389.0,0.0,0.021063726881423467,,0.21337946943483277,0.0,0.00461361014994233,0.1568627450980392,0.4486735870818916,0.0
379,Pennsylvania,49475.0,2400267.0,17.0,,493.0,40.0,227.0,85.0,1711.0,5.0,0.0,0.020612290216046797,,0.288135593220339,0.023378141437755698,0.1326709526592636,0.049678550555230856,0.0029222676797194622,0.0
380,Rhode Island,3846.0,231929.0,17.0,,136.0,1.0,38.0,13.0,440.0,0.0,0.0,0.016582661073000788,,0.3090909090909091,0.0022727272727272726,0.08636363636363636,0.029545454545454545,0.0,0.0
381,South Carolina,10241.0,258897.0,17.0,,203.0,2.0,60.0,55.0,876.0,15.0,0.0,0.03955627141295573,,0.2317351598173516,0.00228310502283105,0.0684931506849315,0.06278538812785388,0.017123287671232876,0.0
382,South Dakota,9671.0,416511.0,17.0,,514.0,24.0,190.0,40.0,1305.0,12.0,0.0,0.023219074646287852,,0.3938697318007663,0.01839080459770115,0.14559386973180077,0.03065134099616858,0.009195402298850575,0.0
383,Tennessee,7077.0,390916.0,17.0,,212.0,0.0,3.0,2.0,2261.0,157.0,0.0,0.018103633517175047,,0.09376382131800089,0.0,0.0013268465280849183,0.0008845643520566122,0.06943830163644406,0.0
384,Texas,66340.0,1288509.0,17.0,,263.0,2.0,78.0,79.0,1655.0,162.0,0.0,0.05148586466994022,,0.15891238670694863,0.0012084592145015106,0.047129909365558914,0.04773413897280967,0.09788519637462235,0.0
385,Utah,11644.0,1239154.0,17.0,,620.0,71.0,249.0,85.0,1333.0,15.0,0.0,0.0093967335779088,,0.46511627906976744,0.05326331582895724,0.1867966991747937,0.06376594148537135,0.011252813203300824,0.0
386,Vermont,2075.0,103557.0,17.0,,156.0,0.0,0.0,22.0,379.0,58.0,0.0,0.020037274158193074,,0.41160949868073876,0.0,0.0,0.05804749340369393,0.15303430079155672,0.0
387,Virginia,126245.0,4380960.0,17.0,,533.0,34.0,226.0,183.0,1858.0,72.0,0.0,0.028816743362185458,,0.2868675995694295,0.01829924650161464,0.1216361679224973,0.0984930032292788,0.038751345532831,0.0
388,Washington,3753.0,296762.0,17.0,,231.0,4.0,132.0,97.0,914.0,73.0,0.0,0.012646497866977578,,0.2527352297592998,0.00437636761487965,0.14442013129102846,0.1061269146608315,0.07986870897155361,0.0
389,West Virginia,9790.0,505687.0,17.0,,276.0,37.0,134.0,64.0,704.0,12.0,0.0,0.019359801616414898,,0.39204545454545453,0.052556818181818184,0.1903409090909091,0.09090909090909091,0.017045454545454544,0.0
390,Wisconsin,5846.0,260883.0,17.0,,1057.0,12.0,374.0,125.0,4996.0,0.0,0.0,0.022408512628266312,,0.21156925540432345,0.0024019215372297837,0.07485988791032826,0.02502001601281025,0.0,0.0
391,Wyoming,4537.0,181588.0,17.0,,142.0,2.0,107.0,39.0,743.0,16.0,0.0,0.024985131176068903,,0.1911170928667564,0.0026917900403768506,0.1440107671601615,0.052489905787348586,0.021534320323014805,0.0
392,Alabama,56611.0,1994755.0,18.0,,162.0,20.0,0.0,42.0,529.0,1.0,0.0,0.028379926356870894,,0.30623818525519847,0.03780718336483932,0.0,0.07939508506616257,0.001890359168241966,0.0
393,Alaska,7448.0,239048.0,18.0,,912.0,0.0,0.0,718.0,4805.0,98.0,0.0,0.031156922459087716,,0.1898022892819979,0.0,0.0,0.1494276795005203,0.020395421436004164,0.0
394,Arizona,23140.0,850088.0,18.0,,628.0,30.0,22.0,1191.0,2292.0,0.0,0.0,0.02722071126753936,,0.27399650959860383,0.013089005235602094,0.009598603839441536,0.5196335078534031,0.0,0.0
395,Arkansas,5306.0,179012.0,18.0,,69.0,2.0,0.0,74.0,497.0,0.0,0.0,0.029640471029875094,,0.13883299798792756,0.004024144869215292,0.0,0.1488933601609658,0.0,0.0
396,California,47902.0,2240596.0,18.0,,1306.0,33.0,37.0,2991.0,8869.0,35.0,0.0,0.02137913305209864,,0.14725448190325854,0.003720825346713271,0.004171834479648213,0.3372420791521028,0.003946329913180742,0.0
397,Colorado,61288.0,1854728.0,18.0,,541.0,15.0,3.0,520.0,1540.0,5.0,0.0,0.03304419839458939,,0.3512987012987013,0.00974025974025974,0.001948051948051948,0.33766233766233766,0.003246753246753247,0.0
398,Connecticut,6205.0,195770.0,18.0,,300.0,4.0,26.0,560.0,1260.0,1.0,0.0,0.031695356796240484,,0.23809523809523808,0.0031746031746031746,0.020634920634920634,0.4444444444444444,0.0007936507936507937,0.0
399,Delaware,602.0,116801.0,18.0,,411.0,8.0,5.0,439.0,3156.0,4.0,0.0,0.005154065461768307,,0.13022813688212928,0.0025348542458808617,0.0015842839036755386,0.1391001267427123,0.0012674271229404308,0.0
400,Georgia,118065.0,3622570.0,18.0,,511.0,13.0,3.0,228.0,1718.0,2.0,0.0,0.03259150271768385,,0.29743888242142025,0.007566938300349243,0.0017462165308498253,0.13271245634458673,0.0011641443538998836,0.0
401,Hawaii,1858.0,76907.0,18.0,,358.0,205.0,25.0,701.0,2639.0,2.0,0.0,0.02415904924129143,,0.13565744600227359,0.07768093974990527,0.009473285335354301,0.2656309208033346,0.0007578628268283441,0.0
402,Idaho,726.0,58396.0,18.0,,492.0,7.0,10.0,858.0,1619.0,1.0,0.0,0.012432358380711007,,0.3038912909203212,0.004323656578134651,0.006176652254478073,0.5299567634342186,0.0006176652254478073,0.0
403,Illinois,35883.0,2234358.0,18.0,,164.0,4.0,10.0,445.0,2516.0,0.0,0.0,0.016059646663605386,,0.06518282988871224,0.001589825119236884,0.00397456279809221,0.17686804451510335,0.0,0.0
404,Indiana,4712.0,213321.0,18.0,,285.0,11.0,7.0,287.0,846.0,0.0,0.0,0.02208877700742074,,0.33687943262411346,0.013002364066193853,0.008274231678486997,0.3392434988179669,0.0,0.0
405,Iowa,2725.0,256029.0,18.0,,420.0,27.0,10.0,468.0,2147.0,1.0,0.0,0.010643325560776318,,0.19562179785747555,0.012575687005123428,0.004657661853749418,0.21797857475547275,0.0004657661853749418,0.0
406,Kansas,12248.0,562598.0,18.0,,156.0,0.0,0.0,70.0,415.0,0.0,0.0,0.02177042932964568,,0.3759036144578313,0.0,0.0,0.1686746987951807,0.0,0.0
407,Kentucky,14285.0,483148.0,18.0,,246.0,1.0,2.0,107.0,578.0,0.0,0.0,0.02956650964093818,,0.42560553633217996,0.0017301038062283738,0.0034602076124567475,0.185121107266436,0.0,0.0
408,Louisiana,102347.0,2639323.0,18.0,,317.0,101.0,0.0,175.0,2284.0,45.0,0.0,0.03877774717228623,,0.13879159369527144,0.044220665499124345,0.0,0.0766199649737303,0.019702276707530646,0.0
409,Maine,9008.0,588019.0,18.0,,51.0,74.0,4.0,284.0,666.0,0.0,0.0,0.015319232881930685,,0.07657657657657657,0.1111111111111111,0.006006006006006006,0.4264264264264264,0.0,0.0
410,Maryland,5810.0,331601.0,18.0,,1453.0,98.0,41.0,2352.0,7285.0,1.0,0.0,0.01752105693288018,,0.1994509265614276,0.013452299245024023,0.0056280027453671925,0.32285518188057655,0.00013726835964310226,0.0
411,Massachusetts,38833.0,2257081.0,18.0,,166.0,0.0,0.0,432.0,828.0,3.0,0.0,0.017204965174045593,,0.20048309178743962,0.0,0.0,0.5217391304347826,0.0036231884057971015,0.0
412,Michigan,15352.0,1092490.0,18.0,,359.0,39.0,24.0,453.0,1100.0,13.0,0.0,0.014052302538238337,,0.32636363636363636,0.035454545454545454,0.02181818181818182,0.4118181818181818,0.011818181818181818,0.0
413,Minnesota,6559.0,305849.0,18.0,,348.0,15.0,20.0,760.0,2961.0,0.0,0.0,0.02144522296950456,,0.11752786220871327,0.005065856129685917,0.006754474839581222,0.25667004390408643,0.0,0.0
414,Mississippi,27334.0,849133.0,18.0,,292.0,2.0,2.0,25.0,663.0,0.0,0.0,0.03219048134980033,,0.44042232277526394,0.0030165912518853697,0.0030165912518853697,0.03770739064856712,0.0,0.0
415,Missouri,3313.0,155054.0,18.0,,29.0,6.0,1.0,43.0,232.0,1.0,0.0,0.021366749648509552,,0.125,0.02586206896551724,0.004310344827586207,0.1853448275862069,0.004310344827586207,0.0
416,Montana,4843.0,341901.0,18.0,,239.0,64.0,8.0,272.0,1162.0,6.0,0.0,0.014164919084764303,,0.20567986230636834,0.055077452667814115,0.0068846815834767644,0.23407917383820998,0.0051635111876075735,0.0
417,Nebraska,11885.0,399773.0,18.0,,82.0,6.0,3.0,56.0,270.0,0.0,0.0,0.029729371418279874,,0.3037037037037037,0.022222222222222223,0.011111111111111112,0.2074074074074074,0.0,0.0
418,Nevada,7235.0,619147.0,18.0,,105.0,1.0,1.0,159.0,500.0,0.0,0.0,0.011685431731075172,,0.21,0.002,0.002,0.318,0.0,0.0
419,New Hampshire,1288.0,120581.0,18.0,,84.0,11.0,21.0,205.0,593.0,0.0,0.0,0.010681616506746502,,0.14165261382799327,0.01854974704890388,0.03541315345699832,0.3456998313659359,0.0,0.0
420,New Jersey,52617.0,1634350.0,18.0,,251.0,3.0,0.0,281.0,907.0,1.0,0.0,0.032194450393122645,,0.27673649393605293,0.0033076074972436605,0.0,0.3098125689084895,0.0011025358324145535,0.0
421,New Mexico,23911.0,918313.0,18.0,,306.0,9.0,7.0,687.0,1888.0,0.0,0.0,0.026037963091015807,,0.1620762711864407,0.004766949152542373,0.003707627118644068,0.3638771186440678,0.0,0.0
422,New York,47991.0,2444560.0,18.0,,987.0,32.0,10.0,932.0,3337.0,14.0,0.0,0.019631753771639886,,0.29577464788732394,0.00958945160323644,0.0029967036260113876,0.27929277794426133,0.004195385076415942,0.0
423,North Carolina,89733.0,4069986.0,18.0,,122.0,3.0,4.0,120.0,672.0,0.0,0.0,0.02204749598647268,,0.18154761904761904,0.004464285714285714,0.005952380952380952,0.17857142857142858,0.0,0.0
424,North Dakota,2489.0,144784.0,18.0,,209.0,49.0,7.0,556.0,1118.0,2.0,0.0,0.017191126091280803,,0.18694096601073346,0.04382826475849732,0.006261180679785331,0.49731663685152055,0.0017889087656529517,0.0
425,Ohio,8790.0,718415.0,18.0,,970.0,7.0,9.0,751.0,3103.0,12.0,0.0,0.012235267916176584,,0.31260070899129877,0.0022558814050918467,0.0029004189494038026,0.24202384788913955,0.003867225265871737,0.0
426,Oklahoma,12070.0,332305.0,18.0,,158.0,6.0,2.0,78.0,735.0,0.0,0.0,0.036322053535155954,,0.21496598639455783,0.00816326530612245,0.0027210884353741495,0.10612244897959183,0.0,0.0
427,Oregon,26369.0,1811152.0,18.0,,244.0,0.0,0.0,171.0,520.0,0.0,0.0,0.014559241852699276,,0.46923076923076923,0.0,0.0,0.32884615384615384,0.0,0.0
428,Pennsylvania,42289.0,2710564.0,18.0,,358.0,2.0,1.0,370.0,1660.0,52.0,0.0,0.015601550083303696,,0.21566265060240963,0.0012048192771084338,0.0006024096385542169,0.22289156626506024,0.03132530120481928,0.0
429,Rhode Island,4243.0,260809.0,18.0,,35.0,4.0,1.0,91.0,339.0,1.0,0.0,0.016268610362372465,,0.10324483775811209,0.011799410029498525,0.0029498525073746312,0.26843657817109146,0.0029498525073746312,0.0
430,South Carolina,20038.0,605906.0,18.0,,222.0,8.0,0.0,108.0,904.0,0.0,0.0,0.03307113644690761,,0.24557522123893805,0.008849557522123894,0.0,0.11946902654867257,0.0,0.0
431,South Dakota,8002.0,683464.0,18.0,,372.0,18.0,3.0,307.0,1186.0,9.0,0.0,0.011708005103414371,,0.3136593591905565,0.01517706576728499,0.002529510961214165,0.2588532883642496,0.007588532883642495,0.0
432,Tennessee,5730.0,349716.0,18.0,,198.0,1.0,0.0,56.0,1367.0,0.0,0.0,0.016384723604296058,,0.14484272128749084,0.000731528895391368,0.0,0.040965618141916606,0.0,0.0
433,Texas,53967.0,1299001.0,18.0,,440.0,44.0,12.0,230.0,1929.0,45.0,0.0,0.041545002659736215,,0.22809745982374288,0.02280974598237429,0.006220839813374806,0.11923276308968378,0.02332814930015552,0.0
434,Utah,26484.0,1338183.0,18.0,,405.0,9.0,1.0,389.0,1194.0,2.0,0.0,0.019791015130217617,,0.3391959798994975,0.007537688442211055,0.0008375209380234506,0.3257956448911223,0.0016750418760469012,0.0
435,Vermont,4762.0,231811.0,18.0,,139.0,4.0,1.0,214.0,427.0,0.0,0.0,0.020542597202030964,,0.3255269320843091,0.00936768149882904,0.00234192037470726,0.5011709601873536,0.0,0.0
436,Virginia,120340.0,4497589.0,18.0,,495.0,18.0,18.0,490.0,1885.0,2.0,0.0,0.026756557791296626,,0.2625994694960212,0.009549071618037135,0.009549071618037135,0.259946949602122,0.0010610079575596816,0.0
437,Washington,2718.0,262014.0,18.0,,249.0,6.0,4.0,299.0,996.0,6.0,0.0,0.010373491492820994,,0.25,0.006024096385542169,0.004016064257028112,0.3002008032128514,0.006024096385542169,0.0
438,West Virginia,10646.0,567342.0,18.0,,234.0,3.0,15.0,307.0,819.0,0.0,0.0,0.018764695721451962,,0.2857142857142857,0.003663003663003663,0.018315018315018316,0.37484737484737485,0.0,0.0
439,Wisconsin,14004.0,813893.0,18.0,,416.0,26.0,28.0,412.0,4204.0,2.0,0.0,0.01720619295165335,,0.09895337773549001,0.006184586108468126,0.006660323501427212,0.09800190294957184,0.0004757373929590866,0.0
440,Wyoming,3026.0,251825.0,18.0,,79.0,3.0,4.0,91.0,349.0,4.0,0.0,0.012016281147622357,,0.22636103151862463,0.008595988538681949,0.011461318051575931,0.2607449856733524,0.011461318051575931,0.0
